instance_id,primary,human_hyg,score,junk,debug,tests,only_junk,gold_score,auto_hyg
python__mypy-15139,EVAL-BROKEN,True,80,True,False,False,False,100,True
pydantic__pydantic-9134,NARROW-INCOMPLETE,True,45,True,True,True,False,100,True
dask__dask-6801,LOC-REPAIR,True,50,True,False,False,True,100,True
pandas-dev__pandas-48651,NARROW-INCOMPLETE,True,55,True,True,True,False,100,True
Project-MONAI__MONAI-3205,LOC-EXPLORE,True,35,True,True,False,True,100,True
modin-project__modin-7189,NARROW-INCOMPLETE,True,55,True,True,True,False,100,True
getmoto__moto-7270,NARROW-REGRESSIVE,True,75,True,True,False,False,100,True
pandas-dev__pandas-52115,NARROW-INCOMPLETE,True,75,True,True,False,False,100,True
getmoto__moto-5880,NARROW-REGRESSIVE,True,85,False,True,False,False,100,True
iterative__dvc-9825,NARROW-REGRESSIVE,True,75,True,True,False,False,100,True
getmoto__moto-5701,NARROW-REGRESSIVE,False,100,False,False,False,False,100,False
pandas-dev__pandas-49680,NARROW-INCOMPLETE,True,55,True,True,True,False,100,True
modin-project__modin-6951,EVAL-BROKEN,True,35,True,True,False,True,100,True
dask__dask-6801,NARROW-REGRESSIVE,True,90,True,False,False,False,100,True
modin-project__modin-7142,EVAL-BROKEN,True,55,True,True,True,False,85,True
Project-MONAI__MONAI-1746,LOC-EXPLORE,True,35,True,True,False,True,100,True
Project-MONAI__MONAI-2753,EVAL-BROKEN,True,75,True,True,False,False,100,True
getmoto__moto-6208,NARROW-INCOMPLETE,True,75,True,True,False,False,100,True
pandas-dev__pandas-53681,LOC-REPAIR,True,15,True,True,True,True,60,True
modin-project__modin-6780,EVAL-BROKEN,True,75,True,True,False,False,100,True
python__mypy-11247,EVAL-BROKEN,True,90,True,False,False,False,100,True
python__mypy-12417,EVAL-BROKEN,True,90,True,False,False,False,100,True
Project-MONAI__MONAI-4263,EVAL-BROKEN,True,75,True,True,False,False,100,True
bokeh__bokeh-13298,NARROW-REGRESSIVE,True,75,True,True,False,False,100,True
python__mypy-15139,NARROW-INCOMPLETE,True,90,True,False,False,False,100,True
pandas-dev__pandas-57174,NARROW-INCOMPLETE,True,75,True,True,False,False,100,True
Project-MONAI__MONAI-2937,NARROW-REGRESSIVE,True,55,True,True,True,False,100,True
python__mypy-10689,RIGID-OSCIL,True,90,True,False,False,False,100,True
Project-MONAI__MONAI-2492,NARROW-REGRESSIVE,True,55,True,True,True,False,100,True
pandas-dev__pandas-50548,LOC-REPAIR,True,25,False,True,True,True,100,True
python__mypy-16503,NARROW-INCOMPLETE,True,90,True,False,False,False,100,True
iterative__dvc-2266,LIT-TASK,False,60,False,False,False,True,100,True
Project-MONAI__MONAI-6385,NARROW-INCOMPLETE,False,100,False,False,False,False,100,False
conan-io__conan-13721,NARROW-INCOMPLETE,True,45,True,True,True,False,100,True
conan-io__conan-11560,NARROW-INCOMPLETE,True,70,True,False,True,False,100,True
iterative__dvc-4124,NARROW-REGRESSIVE,True,75,True,True,False,False,100,True
bokeh__bokeh-13318,LOC-EXPLORE,True,35,True,True,False,True,100,True
Project-MONAI__MONAI-3662,NARROW-INCOMPLETE,True,55,True,True,True,False,100,True
Project-MONAI__MONAI-5428,NARROW-INCOMPLETE,True,75,True,True,False,False,100,True
conan-io__conan-14616,NARROW-REGRESSIVE,True,75,True,True,False,False,100,True
dask__dask-7894,NARROW-REGRESSIVE,True,75,True,True,False,False,100,True
getmoto__moto-6734,NARROW-REGRESSIVE,True,55,True,True,True,False,100,True
python__mypy-15506,LOC-EXPLORE,True,50,True,False,False,True,100,True
iterative__dvc-9647,EVAL-BROKEN,True,55,True,True,True,False,100,True
iterative__dvc-3794,NARROW-REGRESSIVE,True,75,True,True,False,False,100,True
pandas-dev__pandas-52236,EVAL-BROKEN,True,75,True,True,False,False,100,True
pandas-dev__pandas-50876,EVAL-BROKEN,True,60,True,True,False,False,100,True
getmoto__moto-5134,NARROW-REGRESSIVE,True,55,True,True,True,False,100,True
pandas-dev__pandas-48693,EVAL-BROKEN,True,55,True,True,True,False,100,True
pandas-dev__pandas-56677,NARROW-REGRESSIVE,False,100,False,False,False,False,100,False
getmoto__moto-7495,LOC-REPAIR,True,35,True,True,False,True,100,True
iterative__dvc-6519,LOC-EXPLORE,True,25,False,True,True,True,100,True
pandas-dev__pandas-53672,EVAL-BROKEN,True,75,True,True,False,False,60,True
iterative__dvc-5005,NARROW-INCOMPLETE,True,55,True,True,True,False,100,True
getmoto__moto-6636,NARROW-INCOMPLETE,True,55,True,True,True,False,100,True
Project-MONAI__MONAI-3135,NARROW-INCOMPLETE,True,55,True,True,True,False,100,True
python__mypy-11867,LOC-REPAIR,True,75,True,True,False,False,100,True
dask__dask-7305,NARROW-REGRESSIVE,True,30,True,True,True,False,100,True
conan-io__conan-10874,NARROW-INCOMPLETE,True,55,True,True,True,False,100,True
dask__dask-10797,EVAL-BROKEN,True,55,True,True,True,False,100,True
conan-io__conan-10213,NARROW-INCOMPLETE,True,55,True,True,True,False,100,True
pydantic__pydantic-8977,NARROW-INCOMPLETE,True,60,True,True,False,False,100,True
getmoto__moto-7335,NARROW-INCOMPLETE,True,75,True,True,False,False,100,True
getmoto__moto-5137,NARROW-INCOMPLETE,True,55,True,True,True,False,100,True
getmoto__moto-7348,NARROW-INCOMPLETE,True,60,True,True,False,False,100,True
pandas-dev__pandas-47771,NARROW-INCOMPLETE,False,100,False,False,False,False,100,False
iterative__dvc-3794,NARROW-REGRESSIVE,True,55,True,True,True,False,100,True
iterative__dvc-3532,NARROW-INCOMPLETE,True,30,True,True,True,False,100,True
Project-MONAI__MONAI-5656,LOC-REPAIR,True,75,True,True,False,False,100,True
iterative__dvc-3794,NARROW-REGRESSIVE,False,100,False,False,False,False,100,False
Project-MONAI__MONAI-6775,NARROW-INCOMPLETE,False,100,False,False,False,False,100,False
python__mypy-15490,LOC-EXPLORE,True,50,True,False,False,True,100,True
python__mypy-12767,LOC-EXPLORE,True,30,True,False,True,True,100,True
python__mypy-11824,NARROW-INCOMPLETE,False,100,False,False,False,False,100,False
getmoto__moto-5107,NARROW-REGRESSIVE,True,55,True,True,True,False,100,True
pandas-dev__pandas-49249,EVAL-BROKEN,True,55,True,True,True,False,100,True
pandas-dev__pandas-50748,EVAL-BROKEN,True,75,True,True,False,False,100,True
python__mypy-11918,NARROW-INCOMPLETE,True,90,True,False,False,False,100,True
getmoto__moto-5841,NARROW-INCOMPLETE,True,70,True,False,True,False,100,True
Project-MONAI__MONAI-3547,NARROW-INCOMPLETE,True,75,True,True,False,False,100,True
pandas-dev__pandas-54109,LOC-REPAIR,True,35,True,True,False,True,100,True
pandas-dev__pandas-48824,NARROW-REGRESSIVE,True,75,True,True,False,False,100,True
Project-MONAI__MONAI-4733,NARROW-INCOMPLETE,True,55,True,True,True,False,100,True
python__mypy-11966,LOC-REPAIR,True,50,True,False,False,True,100,True
iterative__dvc-2164,NARROW-INCOMPLETE,True,55,True,True,True,False,100,True
getmoto__moto-6238,NARROW-INCOMPLETE,True,75,True,True,False,False,100,True
Project-MONAI__MONAI-2513,NARROW-INCOMPLETE,True,75,True,True,False,False,100,True
Project-MONAI__MONAI-5183,NARROW-INCOMPLETE,True,75,True,True,False,False,100,True
Project-MONAI__MONAI-3715,NARROW-INCOMPLETE,True,75,True,True,False,False,100,True
iterative__dvc-8251,NARROW-INCOMPLETE,True,30,True,True,True,False,100,True
dask__dask-6992,NARROW-REGRESSIVE,True,55,True,True,True,False,85,True
pandas-dev__pandas-53458,NARROW-INCOMPLETE,True,75,True,True,False,False,100,True
getmoto__moto-7085,NARROW-INCOMPLETE,True,75,True,True,False,False,100,True
getmoto__moto-7484,NARROW-INCOMPLETE,True,75,True,True,False,False,100,True
pandas-dev__pandas-56767,NARROW-INCOMPLETE,True,75,True,True,False,False,100,True
bokeh__bokeh-13198,LOC-REPAIR,True,35,True,True,False,True,100,True
getmoto__moto-7382,NARROW-INCOMPLETE,True,60,True,True,False,False,100,True
Project-MONAI__MONAI-6412,NARROW-INCOMPLETE,True,75,True,True,False,False,100,True
getmoto__moto-4846,NARROW-INCOMPLETE,True,75,True,True,False,False,100,True
iterative__dvc-5747,NARROW-INCOMPLETE,True,75,True,True,False,False,100,True
Project-MONAI__MONAI-6127,NARROW-INCOMPLETE,True,75,True,True,False,False,100,True
python__mypy-10424,LOC-REPAIR,True,50,True,False,False,True,100,True
getmoto__moto-6919,NARROW-INCOMPLETE,True,40,True,True,True,False,100,True
getmoto__moto-5478,NARROW-INCOMPLETE,True,75,True,True,False,False,100,True
pydantic__pydantic-9135,EVAL-BROKEN,True,55,True,True,True,False,100,True
pandas-dev__pandas-53301,NARROW-INCOMPLETE,True,75,True,True,False,False,100,True
python__mypy-11567,NARROW-INCOMPLETE,True,30,True,True,True,False,100,True
python__mypy-16061,NARROW-INCOMPLETE,True,70,True,False,True,False,100,True
python__mypy-16905,LOC-EXPLORE,True,35,True,True,False,True,100,True
getmoto__moto-6355,LOC-REPAIR,True,35,True,True,False,True,100,True
python__mypy-10053,NARROW-REGRESSIVE,True,55,True,True,True,False,100,True
dask__dask-8610,NARROW-INCOMPLETE,True,55,True,True,True,False,100,True
pandas-dev__pandas-53288,EVAL-BROKEN,True,75,True,True,False,False,100,True
getmoto__moto-7495,NARROW-INCOMPLETE,False,100,False,False,False,False,100,False
Project-MONAI__MONAI-5117,NARROW-INCOMPLETE,True,55,True,True,True,False,100,True
iterative__dvc-2141,LOC-EXPLORE,True,50,True,True,False,False,100,True
getmoto__moto-5216,NARROW-INCOMPLETE,True,70,True,False,True,False,100,True
modin-project__modin-6764,NARROW-REGRESSIVE,True,50,True,True,False,False,100,True
getmoto__moto-6864,NARROW-INCOMPLETE,True,55,True,True,True,False,100,True
Project-MONAI__MONAI-5217,NARROW-INCOMPLETE,True,60,True,True,False,False,100,True
python__mypy-11236,NARROW-INCOMPLETE,True,75,True,True,False,False,100,True
dask__dask-6608,NARROW-REGRESSIVE,True,45,True,True,True,False,100,True
getmoto__moto-5620,NARROW-INCOMPLETE,True,75,True,True,False,False,100,True
conan-io__conan-11594,NARROW-INCOMPLETE,True,90,True,False,False,False,100,True
iterative__dvc-4049,NARROW-INCOMPLETE,True,75,True,True,False,False,100,True
Project-MONAI__MONAI-2061,NARROW-INCOMPLETE,True,55,True,True,True,False,100,True
pydantic__pydantic-8066,LOC-REPAIR,True,35,True,True,False,True,100,True
dask__dask-10784,NARROW-INCOMPLETE,True,55,True,True,True,False,100,True
pandas-dev__pandas-56849,LOC-REPAIR,True,35,True,True,False,True,60,True
getmoto__moto-5486,EVAL-BROKEN,True,65,False,True,True,False,100,True
pandas-dev__pandas-52551,EVAL-BROKEN,True,55,True,True,True,False,100,True
iterative__dvc-3677,NARROW-INCOMPLETE,True,75,True,True,False,False,100,True
iterative__dvc-4066,NARROW-INCOMPLETE,False,100,False,False,False,False,100,False
pandas-dev__pandas-49212,NARROW-INCOMPLETE,True,75,True,True,False,False,100,True
pandas-dev__pandas-49228,NARROW-REGRESSIVE,True,55,True,True,True,False,100,True
python__mypy-15131,NARROW-INCOMPLETE,True,90,True,False,False,False,100,True
python__mypy-16905,NARROW-INCOMPLETE,True,75,True,True,False,False,100,True
Project-MONAI__MONAI-3326,LOC-REPAIR,True,15,True,True,True,True,100,True
Project-MONAI__MONAI-3690,NARROW-INCOMPLETE,False,100,False,False,False,False,100,False
iterative__dvc-8177,NARROW-INCOMPLETE,True,75,True,True,False,False,100,True
getmoto__moto-7273,NARROW-INCOMPLETE,True,90,True,False,False,False,100,True
getmoto__moto-7144,LOC-REPAIR,True,35,True,True,False,True,100,True
Project-MONAI__MONAI-7108,NARROW-INCOMPLETE,True,90,True,False,False,False,100,True
getmoto__moto-7347,NARROW-REGRESSIVE,True,70,True,False,True,False,100,True
pandas-dev__pandas-56538,EVAL-BROKEN,True,75,True,True,False,False,100,True
dask__dask-8261,NARROW-REGRESSIVE,True,75,True,True,False,False,100,True
modin-project__modin-7018,LOC-EXPLORE,True,35,True,True,False,True,100,True
conan-io__conan-12307,NARROW-REGRESSIVE,True,75,True,True,False,False,100,True
dask__dask-9342,NARROW-INCOMPLETE,True,75,True,True,False,False,100,True
pandas-dev__pandas-53443,LOC-REPAIR,True,15,True,True,True,True,100,True
iterative__dvc-6799,EVAL-BROKEN,True,60,True,True,False,False,100,True
iterative__dvc-1817,NARROW-INCOMPLETE,True,55,True,True,True,False,100,True
pandas-dev__pandas-48555,NARROW-INCOMPLETE,True,75,True,True,False,False,100,True
getmoto__moto-7336,NARROW-INCOMPLETE,True,75,True,True,False,False,100,True
python__mypy-17293,EVAL-BROKEN,True,90,True,False,False,False,100,True
Project-MONAI__MONAI-6793,LOC-REPAIR,True,15,True,True,True,True,100,True
pandas-dev__pandas-48774,EVAL-BROKEN,True,35,True,True,False,True,100,True
pandas-dev__pandas-51241,NARROW-INCOMPLETE,True,55,True,True,True,False,100,True
python__mypy-14739,LOC-EXPLORE,True,35,True,True,False,True,100,True
iterative__dvc-4125,LIT-TASK,True,60,True,True,False,False,100,True
Project-MONAI__MONAI-7549,NARROW-INCOMPLETE,True,40,True,True,True,False,100,True
python__mypy-15045,EVAL-BROKEN,True,90,True,False,False,False,100,True
pydantic__pydantic-9082,EVAL-BROKEN,True,90,True,False,False,False,100,True
python__mypy-10401,EVAL-BROKEN,True,90,True,False,False,False,100,True
iterative__dvc-1980,NARROW-INCOMPLETE,True,55,True,True,True,False,100,True
Project-MONAI__MONAI-2061,NARROW-INCOMPLETE,True,75,True,True,False,False,100,True
conan-io__conan-11594,NARROW-INCOMPLETE,True,75,True,True,False,False,100,True
Project-MONAI__MONAI-2837,NARROW-INCOMPLETE,True,70,True,False,True,False,100,True
iterative__dvc-8251,NARROW-INCOMPLETE,True,55,True,True,True,False,100,True
pandas-dev__pandas-47434,EVAL-BROKEN,True,90,True,False,False,False,100,True
Project-MONAI__MONAI-2104,NARROW-INCOMPLETE,True,55,True,True,True,False,100,True
iterative__dvc-1848,NARROW-INCOMPLETE,True,75,True,True,False,False,100,True
iterative__dvc-3559,NARROW-INCOMPLETE,True,70,True,False,True,False,100,True
getmoto__moto-6609,NARROW-INCOMPLETE,True,55,True,True,True,False,100,True
iterative__dvc-4961,NARROW-INCOMPLETE,True,75,True,True,False,False,100,True
pydantic__pydantic-8793,LOC-REPAIR,True,35,True,True,False,True,100,True
pandas-dev__pandas-57060,LOC-REPAIR,True,35,True,True,False,True,100,True
getmoto__moto-6208,NARROW-INCOMPLETE,True,85,False,True,False,False,100,True
pandas-dev__pandas-51987,NARROW-REGRESSIVE,False,100,False,False,False,False,100,False
pydantic__pydantic-4911,EVAL-BROKEN,True,75,True,True,False,False,100,True
iterative__dvc-5118,NARROW-INCOMPLETE,True,85,False,True,False,False,100,True
Project-MONAI__MONAI-2530,NARROW-INCOMPLETE,True,60,True,True,False,False,100,True
conan-io__conan-12762,NARROW-INCOMPLETE,True,55,True,True,True,False,100,True
facebookresearch__hydra-614,EVAL-BROKEN,True,30,True,True,True,False,100,True
python__mypy-10424,LOC-REPAIR,True,50,True,False,False,True,100,True
Project-MONAI__MONAI-7121,NARROW-INCOMPLETE,True,75,True,True,False,False,100,True
python__mypy-9629,NARROW-INCOMPLETE,False,100,False,False,False,False,100,False
pandas-dev__pandas-57205,NARROW-INCOMPLETE,True,55,True,True,True,False,100,True
pandas-dev__pandas-57297,NARROW-INCOMPLETE,True,65,True,True,False,False,100,True
iterative__dvc-10386,NARROW-INCOMPLETE,True,75,True,True,False,False,100,True
pandas-dev__pandas-52058,NARROW-REGRESSIVE,True,90,True,False,False,False,100,True
pandas-dev__pandas-48058,NARROW-INCOMPLETE,True,40,True,True,True,False,100,True
python__mypy-11707,NARROW-INCOMPLETE,True,90,True,False,False,False,100,True
dask__dask-6626,NARROW-INCOMPLETE,True,75,True,True,False,False,100,True
getmoto__moto-6726,NARROW-INCOMPLETE,True,30,True,True,True,False,100,True
dask__dask-6626,LOC-REPAIR,True,35,True,True,False,True,100,True
getmoto__moto-6157,NARROW-INCOMPLETE,True,75,True,True,False,False,100,True
Project-MONAI__MONAI-5468,NARROW-INCOMPLETE,True,75,True,True,False,False,100,True
getmoto__moto-5438,NARROW-INCOMPLETE,True,30,True,True,True,False,100,True
python__mypy-11567,EVAL-BROKEN,True,55,True,True,True,False,100,True
python__mypy-11352,LOC-REPAIR,True,50,True,False,False,True,100,True
getmoto__moto-7085,NARROW-INCOMPLETE,True,75,True,True,False,False,100,True
conan-io__conan-14760,NARROW-INCOMPLETE,True,55,True,True,True,False,100,True
iterative__dvc-5185,NARROW-INCOMPLETE,True,90,True,False,False,False,100,True
iterative__dvc-3794,NARROW-REGRESSIVE,True,55,True,True,True,False,100,True
getmoto__moto-7537,NARROW-INCOMPLETE,True,75,True,True,False,False,100,True
Project-MONAI__MONAI-4174,NARROW-INCOMPLETE,True,30,True,True,True,False,100,True
dask__dask-8676,NARROW-INCOMPLETE,True,75,True,True,False,False,100,True
pandas-dev__pandas-47774,EVAL-BROKEN,True,75,True,True,False,False,100,True
Project-MONAI__MONAI-4688,NARROW-INCOMPLETE,True,75,True,True,False,False,100,True
Project-MONAI__MONAI-2156,NARROW-INCOMPLETE,False,100,False,False,False,False,100,False
iterative__dvc-8152,NARROW-INCOMPLETE,True,80,True,False,False,False,100,True
pandas-dev__pandas-53519,LOC-REPAIR,True,35,True,True,False,True,100,True
Project-MONAI__MONAI-3440,NARROW-INCOMPLETE,True,55,True,True,True,False,100,True
python__mypy-15133,LOC-EXPLORE,True,90,True,False,False,False,100,True
iterative__dvc-5004,LOC-REPAIR,True,35,True,True,False,True,100,True
pydantic__pydantic-9214,NARROW-INCOMPLETE,True,60,True,True,False,False,100,True
getmoto__moto-5212,NARROW-INCOMPLETE,True,75,True,True,False,False,100,True
Project-MONAI__MONAI-5526,NARROW-INCOMPLETE,True,55,True,True,True,False,100,True
python__mypy-9909,LOC-REPAIR,True,50,True,False,False,True,100,True
getmoto__moto-5699,NARROW-INCOMPLETE,True,75,True,True,False,False,100,True
dask__dask-8801,NARROW-INCOMPLETE,True,75,True,True,False,False,100,True
conan-io__conan-15422,NARROW-INCOMPLETE,True,75,True,True,False,False,100,True
python__mypy-14988,NARROW-INCOMPLETE,True,65,True,True,False,False,100,True
Project-MONAI__MONAI-1079,LOC-REPAIR,True,25,False,True,True,True,100,True
getmoto__moto-6308,NARROW-INCOMPLETE,True,75,True,True,False,False,100,True
iterative__dvc-1712,NARROW-INCOMPLETE,True,30,True,True,True,False,100,True
conan-io__conan-13788,EVAL-BROKEN,True,90,True,False,False,False,100,True
conan-io__conan-14296,NARROW-INCOMPLETE,True,75,True,True,False,False,100,True
dask__dask-9148,EVAL-BROKEN,True,55,True,True,True,False,100,True
Project-MONAI__MONAI-3277,LOC-EXPLORE,True,20,True,False,True,True,100,True
python__mypy-17276,NARROW-INCOMPLETE,True,90,True,False,False,False,100,True
pandas-dev__pandas-49091,EVAL-BROKEN,True,15,True,True,True,True,100,True
getmoto__moto-6057,EVAL-BROKEN,True,75,True,True,False,False,100,True
python__mypy-16503,EVAL-BROKEN,True,90,True,False,False,False,100,True
getmoto__moto-5482,EVAL-BROKEN,True,75,True,True,False,False,100,True
Project-MONAI__MONAI-5416,NARROW-INCOMPLETE,True,75,True,True,False,False,100,True
Project-MONAI__MONAI-1832,NARROW-INCOMPLETE,True,75,True,True,False,False,100,True
pandas-dev__pandas-56167,NARROW-INCOMPLETE,True,70,True,False,True,False,100,True
pandas-dev__pandas-57169,EVAL-BROKEN,True,55,True,True,True,False,100,True
pandas-dev__pandas-57174,NARROW-INCOMPLETE,True,75,True,True,False,False,100,True
Project-MONAI__MONAI-4109,NARROW-INCOMPLETE,False,100,False,False,False,False,100,False
pandas-dev__pandas-49333,EVAL-BROKEN,True,75,True,True,False,False,100,True
python__mypy-9625,NARROW-INCOMPLETE,False,100,False,False,False,False,100,False
getmoto__moto-5752,EVAL-BROKEN,True,90,True,False,False,False,100,True
getmoto__moto-5011,NARROW-INCOMPLETE,True,75,True,True,False,False,100,True
getmoto__moto-5737,EVAL-BROKEN,True,75,True,True,False,False,100,True
getmoto__moto-6816,NARROW-INCOMPLETE,True,75,True,True,False,False,100,True
getmoto__moto-5417,NARROW-INCOMPLETE,True,75,True,True,False,False,100,True
pandas-dev__pandas-54102,LOC-REPAIR,True,35,True,True,False,True,60,True
