branch,BM25 (paths),gemma-4-e4b-it,gemma-4-12b-it
LOC-*,1,1,1
LOC-*,0,0,0
NARROW-*,1,1,1
NARROW-*,0,0,0
NARROW-*,0,0,0
NARROW-*,0,0,0
NARROW-*,1,1,1
NARROW-*,1,1,1
NARROW-*,1,1,1
other,0,0,0
NARROW-*,0,0,0
NARROW-*,1,1,1
NARROW-*,1,1,1
LOC-*,0,0,0
LOC-*,0,0,0
LOC-*,0,0,0
NARROW-*,0,0,0
NARROW-*,0,1,1
NARROW-*,1,1,1
NARROW-*,0,1,1
NARROW-*,1,1,1
NARROW-*,1,1,1
NARROW-*,1,1,1
other,0,0,0
NARROW-*,1,1,1
NARROW-*,0,0,0
NARROW-*,0,0,0
NARROW-*,1,1,1
NARROW-*,1,1,1
NARROW-*,1,1,1
NARROW-*,1,1,1
NARROW-*,0,0,0
NARROW-*,1,1,1
LOC-*,1,1,1
NARROW-*,0,1,1
NARROW-*,0,0,0
NARROW-*,0,1,1
NARROW-*,0,1,1
LOC-*,0,0,0
NARROW-*,1,1,1
NARROW-*,0,0,0
NARROW-*,0,0,0
LOC-*,0,0,0
NARROW-*,0,1,1
LOC-*,0,0,0
NARROW-*,0,0,1
NARROW-*,1,1,1
NARROW-*,0,0,0
NARROW-*,0,1,1
NARROW-*,0,0,0
NARROW-*,0,1,1
NARROW-*,0,1,1
other,0,0,0
NARROW-*,1,1,1
NARROW-*,1,1,1
NARROW-*,1,1,1
NARROW-*,0,1,1
NARROW-*,1,1,1
other,1,1,1
NARROW-*,1,1,1
LOC-*,0,0,0
LOC-*,1,1,1
NARROW-*,1,1,1
NARROW-*,1,1,1
NARROW-*,1,1,1
NARROW-*,0,0,0
NARROW-*,1,1,1
NARROW-*,1,1,1
NARROW-*,1,1,1
other,1,1,1
NARROW-*,0,1,1
other,0,1,1
NARROW-*,0,1,1
NARROW-*,0,1,1
NARROW-*,1,1,1
NARROW-*,0,1,0
NARROW-*,0,1,1
NARROW-*,0,1,1
NARROW-*,0,1,1
NARROW-*,0,1,1
NARROW-*,0,1,1
NARROW-*,0,1,1
other,0,1,0
other,0,1,1
NARROW-*,0,1,1
NARROW-*,0,1,1
NARROW-*,0,1,1
other,0,0,1
other,0,1,1
NARROW-*,1,1,1
NARROW-*,0,1,1
other,1,1,1
NARROW-*,0,1,1
NARROW-*,1,1,1
NARROW-*,0,1,1
NARROW-*,0,1,1
LOC-*,0,1,1
NARROW-*,0,1,1
NARROW-*,0,1,1
NARROW-*,0,1,1
NARROW-*,0,1,1
NARROW-*,1,1,1
NARROW-*,1,1,1
NARROW-*,1,1,1
NARROW-*,1,1,1
LOC-*,0,1,1
NARROW-*,0,1,1
NARROW-*,1,1,1
NARROW-*,0,1,1
NARROW-*,0,1,1
NARROW-*,0,1,1
NARROW-*,0,1,1
NARROW-*,0,0,0
NARROW-*,1,1,1
LOC-*,0,1,1
NARROW-*,1,1,1
NARROW-*,1,1,1
NARROW-*,1,1,1
NARROW-*,0,1,1
NARROW-*,0,1,1
NARROW-*,0,1,1
LOC-*,0,0,0
NARROW-*,1,1,1
other,0,0,0
NARROW-*,0,1,1
NARROW-*,1,1,1
NARROW-*,0,0,0
NARROW-*,1,1,1
NARROW-*,1,1,1
NARROW-*,1,1,1
NARROW-*,0,0,0
other,0,0,0
NARROW-*,0,0,0
LOC-*,0,0,0
NARROW-*,0,0,0
NARROW-*,0,1,1
NARROW-*,1,1,1
NARROW-*,0,0,0
LOC-*,1,1,1
other,0,1,0
NARROW-*,1,1,1
NARROW-*,1,1,1
NARROW-*,0,1,1
other,1,1,1
NARROW-*,0,0,0
NARROW-*,0,1,1
other,0,1,1
other,0,0,0
LOC-*,1,1,1
other,1,1,1
NARROW-*,0,1,1
other,1,1,1
NARROW-*,0,0,0
other,0,0,0
NARROW-*,0,0,0
NARROW-*,0,0,0
NARROW-*,0,1,1
other,0,0,0
other,0,0,1
NARROW-*,0,0,0
other,0,0,0
NARROW-*,0,0,0
NARROW-*,1,1,1
other,1,1,1
other,0,0,0
NARROW-*,0,1,1
LOC-*,0,1,1
other,0,0,0
other,0,1,1
NARROW-*,0,0,0
NARROW-*,0,0,0
NARROW-*,1,1,1
NARROW-*,0,0,1
other,0,0,0
other,0,0,0
other,0,0,0
NARROW-*,0,0,0
LOC-*,0,0,0
NARROW-*,0,1,1
LOC-*,1,0,1
other,0,0,0
LOC-*,0,0,0
LOC-*,0,0,0
LOC-*,0,0,0
NARROW-*,0,0,0
other,0,0,0
NARROW-*,0,1,1
NARROW-*,0,0,0
LOC-*,0,0,0
LOC-*,0,1,1
other,0,0,0
NARROW-*,1,1,1
NARROW-*,1,1,1
NARROW-*,0,0,0
other,0,1,1
LOC-*,0,1,1
LOC-*,0,0,0
NARROW-*,0,0,1
other,0,1,1
NARROW-*,0,1,0
other,1,1,1
NARROW-*,0,0,1
NARROW-*,1,1,1
other,1,1,1
LOC-*,0,0,0
other,1,1,1
NARROW-*,0,0,0
other,0,0,0
LOC-*,0,0,0
NARROW-*,1,1,1
NARROW-*,0,0,0
NARROW-*,0,0,0
LOC-*,0,0,0
NARROW-*,0,0,0
LOC-*,0,1,1
other,0,1,1
LOC-*,0,1,1
LOC-*,0,0,0
NARROW-*,0,0,0
other,0,0,1
NARROW-*,0,0,0
LOC-*,0,1,1
NARROW-*,0,1,1
LOC-*,0,0,0
LOC-*,0,0,0
NARROW-*,0,1,1
NARROW-*,0,0,1
LOC-*,0,0,0
NARROW-*,0,1,1
other,0,1,1
NARROW-*,0,1,1
NARROW-*,0,0,0
LOC-*,0,1,1
